<!--
HTTP server plugin config file for the webserver lwsecom_cell01.lwsecom_node1.webserver1 generated on 2013.06.14 at 10:20:16 AM EDT
-->
<Config ASDisableNagle="false" AcceptAllContent="false" AppServerPortPreference="WebserverPort" ChunkedResponse="false" FIPSEnable="false" FailoverToNext="false" HTTPMaxHeaders="300" IISDisableNagle="false" IISPluginPriority="High" IgnoreDNSFailures="false" OS400ConvertQueryStringToJobCCSID="false" RefreshInterval="60" ResponseChunkSize="64" SSLConsolidate="true" TrustedProxyEnable="false" VHostMatchingCompat="false">
<Log LogLevel="Error" Name="/lowes/IHS/V70A/logs/lwscomdtq1/http_plugin.log"/>
<Property Name="ESIEnable" Value="true"/>
<Property Name="ESIMaxCacheSize" Value="1024"/>
<Property Name="ESIInvalidationMonitor" Value="false"/>
<Property Name="ESIEnableToPassCookies" Value="false"/>
<Property Name="ESICacheidFull" Value="false"/>
<Property Name="PluginInstallRoot" Value="/lowes/IHS/Plugin"/>
        <VirtualHostGroup Name="VH_lwsecom_Preview">
                <VirtualHost Name="*:8006"/>
                <VirtualHost Name="*:8007"/>
        </VirtualHostGroup>
        <VirtualHostGroup Name="VH_lwsecom">
                <VirtualHost Name="*:80"/>
                <VirtualHost Name="*:443"/>
                <VirtualHost Name="*:40121"/>
                <VirtualHost Name="*:40122"/>
        </VirtualHostGroup>
                <VirtualHostGroup Name="VH_lwsecom_Admin">
        <VirtualHost Name="*:8002"/>
        </VirtualHostGroup>
        <VirtualHostGroup Name="VH_lwsecom_Tools">
                <VirtualHost Name="*:8000"/>
        </VirtualHostGroup>
                <VirtualHostGroup Name="VH_lwsecom_OrgAdmin">
        <VirtualHost Name="*:8004"/>
        </VirtualHostGroup>
        <VirtualHostGroup Name="VH_mylowes">
                <VirtualHost Name="*:80"/>
                <VirtualHost Name="*:443"/>
                <VirtualHost Name="*:40221"/>
                <VirtualHost Name="dtq1mylowes.lowes.com:80"/>
                <VirtualHost Name="dtq1mylowes.lowes.com:443"/>
        </VirtualHostGroup>
        <VirtualHostGroup Name="VH_facade">
                <VirtualHost Name="*:80"/>
                <VirtualHost Name="*:443"/>
                <VirtualHost Name="*:40224"/>
</VirtualHostGroup>
                <VirtualHostGroup Name="VH_mobile">
                <VirtualHost Name="*:80"/>
                <VirtualHost Name="*:443"/>
                <VirtualHost Name="*:40222"/>
                <VirtualHost Name="dtq1m.lowes.com:80"/>
                <VirtualHost Name="dtq1m.lowes.com:443"/>
        </VirtualHostGroup>
        <ServerCluster CloneSeparatorChange="false" GetDWLMTable="false" IgnoreAffinityRequests="true" LoadBalance="Round Robin" Name="LWSECOMCluster" PostBufferSize="64" PostSizeLimit="-1" RemoveSpecialHeaders="true" RetryInterval="60" ServerIOTimeoutRetry="2">
        <Server CloneID="17qk8212a" ConnectTimeout="0" ExtendedHandshake="false" LoadBalanceWeight="2" MaxConnections="-1" Name="lwsecom_node1_LWSECOMSRV1_A" ServerIOTimeout="31" WaitForContinue="false">
                <Transport Hostname="vmlnxwas01" Port="40121" Protocol="http"/>
        </Server>
        <Server CloneID="17qk8244n" ConnectTimeout="0" ExtendedHandshake="false" LoadBalanceWeight="2" MaxConnections="-1" Name="lwsecom_node1_LWSECOMSRV1_B" ServerIOTimeout="31" WaitForContinue="false">
                <Transport Hostname="vmlnxwas01" Port="40122" Protocol="http"/>
        </Server>
        <PrimaryServers>
                <Server Name="lwsecom_node1_LWSECOMSRV1_A"/>
                <Server Name="lwsecom_node1_LWSECOMSRV1_B"/>
        </PrimaryServers>
        </ServerCluster>
        <ServerCluster CloneSeparatorChange="false" GetDWLMTable="false" IgnoreAffinityRequests="true" LoadBalance="Round Robin" Name="MyLowes" PostBufferSize="64" PostSizeLimit="-1" RemoveSpecialHeaders="true" RetryInterval="60">
        <Server CloneID="17qktjhgr" ConnectTimeout="5" ExtendedHandshake="false" LoadBalanceWeight="2" MaxConnections="-1" Name="lwswas_node1_MyLowes1" ServerIOTimeout="60" WaitForContinue="false">
                <Transport Hostname="vmlnxwas01" Port="40221" Protocol="http"/>
        </Server>
        <PrimaryServers>
        <Server Name="lwswas_node1_MyLowes1"/>
        </PrimaryServers>
        </ServerCluster>
        <ServerCluster CloneSeparatorChange="false" GetDWLMTable="false" IgnoreAffinityRequests="true" LoadBalance="Round Robin" Name="IServices" PostBufferSize="64" PostSizeLimit="-1" RemoveSpecialHeaders="true" RetryInterval="60">
        <Server CloneID="17qkvmbma" ConnectTimeout="5" ExtendedHandshake="false" LoadBalanceWeight="2" MaxConnections="-1" Name="lwswas_node1_IServices1" ServerIOTimeout="60" WaitForContinue="false">
                <Transport Hostname="vmlnxwas01" Port="40224" Protocol="http"/>
        </Server>
        <PrimaryServers>
<Server Name="lwswas_node1_IServices1"/>
        </PrimaryServers>
        </ServerCluster>
        <ServerCluster CloneSeparatorChange="false" GetDWLMTable="false" IgnoreAffinityRequests="true" LoadBalance="Round Robin" Name="MobileWeb" PostBufferSize="64" PostSizeLimit="-1" RemoveSpecialHeaders="true" RetryInterval="60">
        <Server CloneID="17qkv2fv5" ConnectTimeout="5" ExtendedHandshake="false" LoadBalanceWeight="2" MaxConnections="-1" Name="lwswas_node1_MobileWeb1" ServerIOTimeout="60" WaitForContinue="false">
                <Transport Hostname="vmlnxwas01" Port="40222" Protocol="http"/>
        </Server>
        <PrimaryServers>
                <Server Name="lwswas_node1_MobileWeb1"/>
        </PrimaryServers>
        </ServerCluster>
        <UriGroup Name="VH_mylowes_MyLowes_URIs">
                <Uri AffinityCookie="JSESSIONID" AffinityURLIdentifier="jsessionid" Name="/MyLowes/*"/>
        </UriGroup>
        <Route ServerCluster="MyLowes" UriGroup="VH_mylowes_MyLowes_URIs" VirtualHostGroup="VH_mylowes"/>
        <UriGroup Name="VH_mobile_MobileWeb_URIs">
                <Uri AffinityCookie="JSESSIONID" AffinityURLIdentifier="jsessionid" Name="/MobileWeb/*"/>
        </UriGroup>
        <Route ServerCluster="MobileWeb" UriGroup="VH_mobile_MobileWeb_URIs" VirtualHostGroup="VH_mobile"/>
        <UriGroup Name="VH_facade_IServices_URIs">
                <Uri AffinityCookie="JSESSIONID" AffinityURLIdentifier="jsessionid" Name="/IntegrationServices/*"/>
        </UriGroup>
        <Route ServerCluster="IServices" UriGroup="VH_facade_IServices_URIs" VirtualHostGroup="VH_facade"/>
        <UriGroup Name="VH_lwsecom_Preview_LWSECOMCluster_URIs">
                <Uri AffinityCookie="JSESSIONID" AffinityURLIdentifier="jsessionid" Name="/webapp/wcs/preview/servlet/*"/>
                <Uri AffinityCookie="JSESSIONID" AffinityURLIdentifier="jsessionid" Name="/webapp/wcs/preview/*.jsp"/>
                <Uri AffinityCookie="JSESSIONID" AffinityURLIdentifier="jsessionid" Name="/webapp/wcs/preview/*"/>
                <Uri AffinityCookie="JSESSIONID" AffinityURLIdentifier="jsessionid" Name="/webapp/wcs/preview/*.jsv"/>
                <Uri AffinityCookie="JSESSIONID" AffinityURLIdentifier="jsessionid" Name="/webapp/wcs/preview/*.jsw"/>
                <Uri AffinityCookie="JSESSIONID" AffinityURLIdentifier="jsessionid" Name="/webapp/wcs/preview/j_security_check"/>
                <Uri AffinityCookie="JSESSIONID" AffinityURLIdentifier="jsessionid" Name="/webapp/wcs/preview/ibm_security_logout"/>
                <Uri AffinityCookie="JSESSIONID" AffinityURLIdentifier="jsessionid" Name="/webapp/wcs/component/order/*"/>
                <Uri AffinityCookie="JSESSIONID" AffinityURLIdentifier="jsessionid" Name="/webapp/wcs/component/contract/*"/>
				 <Uri AffinityCookie="JSESSIONID" AffinityURLIdentifier="jsessionid" Name="/webapp/wcs/component/price/*"/>
                <Uri AffinityCookie="JSESSIONID" AffinityURLIdentifier="jsessionid" Name="/webapp/wcs/component/content/*"/>
                <Uri AffinityCookie="JSESSIONID" AffinityURLIdentifier="jsessionid" Name="/webapp/wcs/component/store/*"/>
                <Uri AffinityCookie="JSESSIONID" AffinityURLIdentifier="jsessionid" Name="/webapp/wcs/component/inventory/*"/>
                <Uri AffinityCookie="JSESSIONID" AffinityURLIdentifier="jsessionid" Name="/wcs/previewresources/*"/>
                <Uri AffinityCookie="JSESSIONID" AffinityURLIdentifier="jsessionid" Name="/wcs/previewresources/*.jsp"/>
                <Uri AffinityCookie="JSESSIONID" AffinityURLIdentifier="jsessionid" Name="/wcs/previewresources/*.jsv"/>
                <Uri AffinityCookie="JSESSIONID" AffinityURLIdentifier="jsessionid" Name="/wcs/previewresources/*.jsw"/>
                <Uri AffinityCookie="JSESSIONID" AffinityURLIdentifier="jsessionid" Name="/wcs/previewresources/j_security_check"/>
                <Uri AffinityCookie="JSESSIONID" AffinityURLIdentifier="jsessionid" Name="/wcs/previewresources/ibm_security_logout"/>
        </UriGroup>
        <Route ServerCluster="LWSECOMCluster" UriGroup="VH_lwsecom_Preview_LWSECOMCluster_URIs" VirtualHostGroup="VH_lwsecom_Preview"/>
        <UriGroup Name="VH_lwsecom_OrgAdmin_LWSECOMCluster_URIs">
                <Uri AffinityCookie="JSESSIONID" AffinityURLIdentifier="jsessionid" Name="/webapp/wcs/orgadmin/*"/>
        </UriGroup>
        <Route ServerCluster="LWSECOMCluster" UriGroup="VH_lwsecom_OrgAdmin_LWSECOMCluster_URIs" VirtualHostGroup="VH_lwsecom_OrgAdmin"/>
        <UriGroup Name="VH_lwsecom_Tools_LWSECOMCluster_URIs">
                <Uri AffinityCookie="JSESSIONID" AffinityURLIdentifier="jsessionid" Name="/webapp/wcs/*"/>
                <Uri AffinityCookie="JSESSIONID" AffinityURLIdentifier="jsessionid" Name="/Enablement-BusinessContextWebServicesRouter/*"/>
                <Uri AffinityCookie="JSESSIONID" AffinityURLIdentifier="jsessionid" Name="/webapp/wcs/tools/*"/>
                <Uri AffinityCookie="JSESSIONID" AffinityURLIdentifier="jsessionid" Name="/lobtools/*"/>
                <Uri AffinityCookie="JSESSIONID" AffinityURLIdentifier="jsessionid" Name="/Telesales-BaseWebServicesRouter/*"/>
                <Uri AffinityCookie="JSESSIONID" AffinityURLIdentifier="jsessionid" Name="/webapp/wcs/wkspcadmin/*"/>
        </UriGroup>
        <Route ServerCluster="LWSECOMCluster" UriGroup="VH_lwsecom_Tools_LWSECOMCluster_URIs" VirtualHostGroup="VH_lwsecom_Tools"/>
        <UriGroup Name="VH_lwsecom_Admin_LWSECOMCluster_URIs">
                <Uri AffinityCookie="JSESSIONID" AffinityURLIdentifier="jsessionid" Name="/webapp/wcs/admin/*"/>
        </UriGroup>
        <Route ServerCluster="LWSECOMCluster" UriGroup="VH_lwsecom_Admin_LWSECOMCluster_URIs" VirtualHostGroup="VH_lwsecom_Admin"/>
                <UriGroup Name="VH_lwsecom_LWSECOMCluster_URIs">
                <Uri AffinityCookie="JSESSIONID" AffinityURLIdentifier="jsessionid" Name="/InitializationServlet/*"/>
<Uri AffinityCookie="JSESSIONID" AffinityURLIdentifier="jsessionid" Name="/webapp/wcs/stores/*"/>
                <Uri AffinityCookie="JSESSIONID" AffinityURLIdentifier="jsessionid" Name="/wcs/resources/*"/>
                <Uri AffinityCookie="JSESSIONID" AffinityURLIdentifier="jsessionid" Name="/webapp/wcs/component/wallet/*"/>
                <Uri AffinityCookie="JSESSIONID" AffinityURLIdentifier="jsessionid" Name="/webapp/wcs/component/subscription/*"/>
                <Uri AffinityCookie="JSESSIONID" AffinityURLIdentifier="jsessionid" Name="/webapp/wcs/component/installment/*"/>
                <Uri AffinityCookie="JSESSIONID" AffinityURLIdentifier="jsessionid" Name="/webapp/wcs/component/giftcenter/*"/>
                <Uri AffinityCookie="JSESSIONID" AffinityURLIdentifier="jsessionid" Name="/webapp/wcs/component/search/*"/>
                <Uri AffinityCookie="JSESSIONID" AffinityURLIdentifier="jsessionid" Name="/ServicesClientProject/*"/>
                <Uri AffinityCookie="JSESSIONID" AffinityURLIdentifier="jsessionid" Name="/webapp/wcs/component/lowessoa/*"/>
                <Uri AffinityCookie="JSESSIONID" AffinityURLIdentifier="jsessionid" Name="/webapp/wcs/component/lowessoicomponent/*"/>
        </UriGroup>
        <Route ServerCluster="LWSECOMCluster" UriGroup="VH_lwsecom_LWSECOMCluster_URIs" VirtualHostGroup="VH_lwsecom"/>
        <RequestMetrics armEnabled="false" loggingEnabled="false" rmEnabled="false" traceLevel="HOPS">
        <filters enable="false" type="URI">
                <filterValues enable="false" value="/snoop"/>
                <filterValues enable="false" value="/hitcount"/>
        </filters>
        <filters enable="false" type="SOURCE_IP">
                <filterValues enable="false" value="255.255.255.255"/>
                <filterValues enable="false" value="254.254.254.254"/>
        </filters>
        <filters enable="false" type="JMS">
                <filterValues enable="false" value="destination=aaa"/>
        </filters>
        <filters enable="false" type="WEB_SERVICES">
                <filterValues enable="false" value="wsdlPort=aaa:op=bbb:nameSpace=ccc"/>
        </filters>
        </RequestMetrics>
</Config>